star_count,project
171913,"github.com/avelino/awesome-go"
120927,"k8s.io/kubernetes"
94934,"github.com/gin-gonic/gin"
77876,"github.com/junegunn/fzf"
64826,"github.com/prometheus/prometheus"
59627,"github.com/minio/minio"
58327,"github.com/ethereum/go-ethereum"
57268,"github.com/YOUR-USER-OR-ORG-NAME/YOUR-REPO-NAME"
55337,"gitea.dev"
51716,"github.com/pocketbase/pocketbase"
51130,"github.com/wagoodman/dive"
48630,"github.com/caddyserver/caddy/v2"
44225,"github.com/spf13/cobra"
43326,"github.com/pingcap/tidb"
41746,"github.com/gofiber/fiber/v3"
40694,"github.com/milvus-io/milvus"
38384,"github.com/moby/moby/v2"
36515,"charm.land/bubbletea/v2"
35138,"github.com/labstack/echo/v5"
34716,"github.com/cockroachdb/cockroach"
34196,"go.etcd.io/etcd/v3"
33029,"k8s.io/minikube"
32981,"github.com/schollz/croc/v10"
31483,"github.com/derailed/k9s"
31376,"github.com/ollama/ollama"
31134,"github.com/restic/restic"
30986,"github.com/spf13/viper"
30611,"github.com/traefik/traefik/v3"
29755,"fyne.io/fyne/v2"
29725,"github.com/go-kit/kit"
26559,"github.com/stretchr/testify"
26147,"github.com/harness/gitness"
25756,"github.com/tsenart/vegeta/v12"
25634,"github.com/mudler/LocalAI"
24953,"github.com/quii/learn-go-with-tests"
24917,"github.com/valyala/fasthttp"
24891,"go.uber.org/zap"
24227,"github.com/abiosoft/colima"
24174,"google.golang.org/grpc"
24083,"github.com/sirupsen/logrus"
23920,"github.com/gorilla/mux"
22845,"github.com/github/hub/v2"
22657,"gorm.io/gorm"
22472,"github.com/dgraph-io/dgraph/v25"
21442,"github.com/jaegertracing/jaeger"
21322,"github.com/inancgumus/learngo"
21250,"github.com/urfave/cli/v3"
20390,"filippo.io/age"
20117,"github.com/samber/lo"
19968,"github.com/go-chi/chi/v5"
19918,"github.com/antonmedv/fx"
19874,"github.com/rakyll/hey"
19429,"github.com/go-playground/validator/v10"
18934,"github.com/julienschmidt/httprouter"
18770,"github.com/hyperledger/fabric"
18569,"github.com/jmoiron/sqlx"
18231,"github.com/emirpasic/gods/v2"
18162,"github.com/golangci/golangci-lint/v2"
17853,"github.com/golang-migrate/migrate/v4"
17673,"github.com/bcicen/ctop"
17172,"github.com/go-kratos/kratos/v3"
16950,"github.com/k3s-io/k3s"
16797,"github.com/go-sql-driver/mysql"
16797,"github.com/Netflix/chaosmonkey/v2"
16495,"github.com/rqlite/rqlite/v10"
16069,"go.k6.io/k6/v2"
16017,"go-micro.dev/v5"
15945,"github.com/tidwall/gjson"
15911,"gofr.dev"
15871,"github.com/PuerkitoBio/goquery"
15841,"github.com/air-verse/air"
15751,"github.com/tinygo-org/tinygo"
15469,"github.com/VictoriaMetrics/VictoriaMetrics"
15319,"github.com/goreleaser/goreleaser/v2"
15276,"github.com/dgraph-io/badger/v4"
15141,"github.com/seaweedfs/seaweedfs"
15071,"sigs.k8s.io/kind"
14696,"github.com/gizak/termui/v3"
14689,"github.com/json-iterator/go"
14424,"github.com/golang/groupcache"
14404,"github.com/gopherjs/gopherjs"
14359,"github.com/panjf2000/ants/v2"
14042,"go.keploy.io/server/v3"
13898,"github.com/go-task/task/v3"
13445,"github.com/hajimehoshi/ebiten/v2"
13383,"github.com/gogf/gf/v2"
13328,"github.com/nats-io/nats-server/v2"
13210,"github.com/jackc/pgx/v5"
12966,"github.com/bytebase/bytebase"
12814,"github.com/revel/revel"
12639,"github.com/juicedata/juicefs"
12545,"github.com/therecipe/qt"
12324,"github.com/google/go-github/v88"
12104,"github.com/hibiken/asynq"
12088,"github.com/rs/zerolog"
11999,"github.com/shirou/gopsutil/v4"
11933,"github.com/cloudflare/cloudflared"
11659,"github.com/adnanh/webhook"
11646,"github.com/zeromicro/go-zero"
11610,"github.com/asciimoo/wuzz"
11557,"github.com/blevesearch/bleve/v2"
11464,"resty.dev/v3"
11409,"github.com/go-delve/delve"
11256,"github.com/jroimartin/gocui"
11196,"github.com/drakkan/sftpgo/v2"
11119,"github.com/go-vgo/robotgo"
11101,"github.com/graphql-go/graphql"
11100,"github.com/panjf2000/gnet/v2"
10906,"github.com/golang/protobuf"
10663,"github.com/sjwhitworth/golearn"
10642,"github.com/lib/pq"
10568,"github.com/go-swagger/go-swagger"
10228,"gobot.io/x/gobot/v2"
10164,"charm.land/lipgloss/v2"
10143,"github.com/k0sproject/k0s"
10131,"github.com/joho/godotenv"
10104,"github.com/Shopify/toxiproxy/v2"
10049,"github.com/IBM/sarama"
9930,"github.com/99designs/gqlgen"
9925,"github.com/tidwall/tile38"
9903,"github.com/sourcegraph/conc"
9847,"github.com/centrifugal/centrifugo/v6"
9759,"github.com/sosedoff/pgweb"
9629,"github.com/a-h/templ"
9507,"github.com/mattn/go-sqlite3"
9398,"github.com/pressly/goose/v3"
9321,"github.com/codenotary/immudb"
9133,"github.com/sashabaranov/go-openai"
9131,"github.com/hashicorp/raft"
9125,"github.com/smartystreets/goconvey"
9121,"github.com/ThreeDotsLabs/watermill"
9076,"github.com/kelseyhightower/confd"
9026,"go.mongodb.org/mongo-driver/v2"
9021,"github.com/appleboy/gorush"
9018,"github.com/miekg/dns"
8912,"github.com/beego/beego/v2"
8858,"github.com/cayleygraph/cayley"
8815,"github.com/smallnest/rpcx"
8729,"github.com/lightningnetwork/lnd"
8713,"github.com/sqlc-dev/sqlc"
8670,"gonum.org/v1/gonum"
8638,"github.com/bytedance/sonic"
8620,"golang.org/x/tools"
8546,"github.com/Workiva/go-datastructures"
8442,"mvdan.cc/sh/v3"
8427,"github.com/golang-jwt/jwt/v5"
8354,"github.com/allegro/bigcache/v3"
8313,"github.com/RichardKnop/machinery"
8243,"go.etcd.io/bbolt"
8236,"github.com/peco/peco"
8220,"github.com/olivere/elastic/v7"
8063,"github.com/melkeydev/go-blueprint"
8057,"github.com/quic-go/quic-go"
7931,"github.com/cloudwego/kitex"
7812,"github.com/boyter/scc/v3"
7780,"github.com/odeke-em/drive"
7654,"github.com/dunglas/frankenphp"
7637,"github.com/anchore/syft"
7634,"github.com/axllent/mailpit"
7571,"gocv.io/x/gocv"
7548,"github.com/tomwright/dasel/v3"
7522,"github.com/tmc/langchaingo"
7377,"ariga.io/atlas"
7373,"github.com/Masterminds/squirrel"
7338,"github.com/cosmos/cosmos-sdk"
7268,"github.com/tylertreat/comcast"
7263,"github.com/kubeshark/kubeshark"
7240,"github.com/yuin/gopher-lua"
7222,"github.com/pdfcpu/pdfcpu"
7207,"github.com/evrone/go-clean-template"
7195,"github.com/cilium/ebpf"
7191,"charm.land/bubbles/v2"
7156,"github.com/shopspring/decimal"
7008,"github.com/elazarl/goproxy"
7008,"go.uber.org/fx"
6958,"github.com/go-git/go-git/v6"
6939,"github.com/google/gopacket"
6930,"github.com/vektra/mockery/v3"
6926,"github.com/go-telegram-bot-api/telegram-bot-api/v5"
6921,"github.com/syndtr/goleveldb"
6876,"honnef.co/go/tools"
6872,"github.com/bitfield/script"
6848,"github.com/hashicorp/packer"
6751,"github.com/buger/goreplay"
6743,"github.com/aarondl/sqlboiler/v4"
6737,"github.com/tealeg/xlsx/v3"
6716,"github.com/DATA-DOG/go-sqlmock"
6691,"github.com/asaskevich/govalidator/v12"
6670,"github.com/cloudwego/hertz"
6637,"github.com/spf13/afero"
6629,"github.com/codesenberg/bombardier"
6592,"github.com/gomodule/redigo"
6566,"github.com/go-co-op/gocron/v2"
6551,"github.com/dop251/goja"
6521,"github.com/markbates/goth"
6441,"github.com/cloudquery/cloudquery/v6"
6414,"github.com/mark3labs/mcp-go"
6403,"github.com/tendermint/tendermint"
6371,"github.com/anacrolix/torrent"
6355,"github.com/amacneil/dbmate/v2"
6317,"github.com/elastic/go-elasticsearch/v9"
6287,"github.com/russross/blackfriday"
6279,"github.com/roadrunner-server/roadrunner/v2025"
6271,"github.com/fogleman/nes"
6264,"github.com/bwmarrin/discordgo"
6172,"golang.org/x/oauth2"
6118,"github.com/dgraph-io/ristretto/v2"
6103,"github.com/go-rod/rod"
6082,"github.com/hatchet-dev/hatchet"
6073,"github.com/h2non/imaginary"
6037,"github.com/google/uuid"
6028,"vitess.io/vitess"
5967,"goa.design/goa/v3"
5948,"github.com/achannarasappa/ticker/v5"
5930,"github.com/go-acme/lego/v5"
5924,"github.com/authzed/spicedb"
5853,"github.com/disintegration/imaging"
5834,"github.com/caarlos0/env/v11"
5816,"src.elv.sh"
5758,"github.com/megaease/easegress/v2"
5724,"github.com/0xERR0R/blocky"
5723,"github.com/foxcpp/maddy"
5674,"github.com/redis/go-redis/v9"
5644,"github.com/c-bata/go-prompt"
5576,"go.woodpecker-ci.org/woodpecker/v3"
5551,"github.com/kelseyhightower/envconfig"
5533,"github.com/gilbertchen/duplicacy"
5428,"github.com/mgechev/revive"
5410,"gopkg.in/natefinch/lumberjack.v2"
5409,"github.com/cweill/gotests"
5409,"github.com/nsf/termbox-go"
5388,"github.com/fleetdm/fleet/v4"
5373,"github.com/oapi-codegen/oapi-codegen/v2"
5366,"github.com/stefanprodan/podinfo"
5366,"github.com/gorse-io/gorse"
5343,"github.com/lni/dragonboat/v4"
5336,"github.com/BurntSushi/toml"
5303,"github.com/confluentinc/confluent-kafka-go/v2"
5297,"github.com/gaia-pipeline/gaia"
5272,"github.com/cockroachdb/pebble"
5271,"github.com/pterm/pterm"
5190,"github.com/sigstore/cosign/v3"
5169,"github.com/duke-git/lancet/v2"
5147,"github.com/brianvoe/gofakeit/v7"
5140,"github.com/tidwall/buntdb"
5131,"github.com/thoas/go-funk"
5126,"github.com/ovh/cds"
5106,"github.com/ory/keto"
5073,"github.com/dunglas/mercure"
5045,"github.com/google/ko"
5014,"github.com/miguelmota/golang-for-nodejs-developers"
5010,"github.com/mjl-/mox"
4950,"github.com/oklog/ulid/v2"
4932,"github.com/arduino/arduino-cli"
4891,"github.com/jinzhu/now"
4877,"gopkg.in/telebot.v4"
4849,"github.com/dropbox/godropbox"
4843,"github.com/dundee/gdu/v5"
4835,"github.com/imroc/req/v3"
4824,"github.com/dustin/go-humanize"
4797,"gorgonia.org/gorgonia"
4786,"github.com/expr-lang/expr"
4715,"github.com/urfave/negroni/v3"
4698,"github.com/unidoc/unioffice/v2"
4682,"github.com/deckarep/golang-set/v2"
4651,"github.com/schollz/progressbar/v3"
4639,"github.com/magefile/mage"
4631,"github.com/pomerium/pomerium"
4610,"github.com/google/go-cmp"
4557,"github.com/xtaci/kcp-go/v5"
4529,"github.com/yuin/goldmark"
4523,"github.com/ktr0731/evans"
4479,"github.com/cloudwego/netpoll"
4460,"github.com/uptrace/bun"
4459,"github.com/anthonynsimon/bild"
4444,"go.uber.org/dig"
4429,"charm.land/wish/v2"
4390,"github.com/golang/vscode-go"
4345,"github.com/xjasonlyu/tun2socks/v2"
4327,"github.com/tdewolff/minify/v2"
4313,"github.com/taubyte/tau"
4280,"github.com/rs/xid"
4274,"github.com/testcontainers/testcontainers-go"
4258,"github.com/olahol/melody"
4257,"github.com/Jeffail/tunny"
4211,"github.com/go-ozzo/ozzo-validation/v4"
4182,"github.com/nats-io/nats.go"
4162,"github.com/emitter-io/emitter"
4156,"github.com/osrg/gobgp/v4"
4147,"github.com/gliderlabs/ssh"
4111,"github.com/openfga/openfga"
4109,"github.com/garethgeorge/backrest"
4063,"github.com/golang/glog"
4047,"goravel"
3979,"github.com/txn2/kubefwd"
3964,"github.com/nalgeon/redka"
3962,"github.com/hdt3213/godis"
3962,"github.com/jasonlvhit/gocron"
3942,"github.com/oam-dev/kubevela"
3938,"github.com/gchaincl/httplab"
3927,"github.com/sensepost/gowitness"
3910,"github.com/upper/db/v4"
3905,"github.com/ardanlabs/service"
3875,"github.com/alecthomas/kingpin/v2"
3869,"github.com/shpota/goxygen"
3854,"github.com/sirupsen/logrus"
3851,"github.com/chrislusf/gleam"
3830,"gopkg.in/ini.v1"
3825,"github.com/cshum/imagor"
3814,"github.com/d5/tengo/v2"
3814,"github.com/maruel/panicparse/v2"
3813,"github.com/getfider/fider"
3811,"github.com/cortesi/devd"
3730,"github.com/tylertreat/comcast"
3726,"github.com/getlantern/systray"
3701,"github.com/Jeffail/gabs/v2"
3624,"github.com/microcosm-cc/bluemonday"
3612,"github.com/redpanda-data/connect/v4"
3610,"github.com/justinas/alice"
3593,"github.com/valyala/quicktemplate"
3590,"github.com/ledisdb/ledisdb"
3578,"github.com/Ullaakut/cameradar/v6"
3570,"github.com/rubenv/sql-migrate"
3523,"github.com/knadh/koanf/v2"
3508,"loov.dev/lensm"
3466,"github.com/nicksnyder/go-i18n/v2"
3465,"github.com/arl/statsviz"
3459,"github.com/openziti/ziti/v2"
3414,"github.com/aws/aws-sdk-go-v2"
3405,"github.com/ipfs/kubo"
3390,"github.com/sideshow/apns2"
3379,"github.com/danielgtaylor/huma/v2"
3361,"github.com/go-jet/jet/v2"
3358,"github.com/flannel-io/flannel"
3353,"github.com/minio/mc"
3331,"github.com/dave/jennifer"
3308,"github.com/flosch/pongo2/v7"
3281,"github.com/Shopify/go-lua"
3276,"github.com/prest/prest/v2"
3271,"github.com/peak/s5cmd/v2"
3247,"github.com/g3n/engine"
3243,"fortio.org/fortio"
3209,"github.com/benmanns/goworker"
3203,"github.com/montanaflynn/stats"
3196,"entgo.io/ent"
3166,"ergo.services/ergo"
3141,"github.com/matcornic/hermes"
3140,"github.com/xyproto/algernon"
3103,"github.com/otiai10/gosseract/v2"
3086,"gonum.org/v1/plot"
3058,"github.com/aarondl/authboss/v3"
3048,"github.com/go-mysql-org/go-mysql"
3046,"github.com/mum4k/termdash"
3037,"github.com/samber/mo"
2996,"github.com/rs/cors"
2984,"github.com/JohannesKaufmann/html-to-markdown/v2"
2983,"github.com/mehrdadrad/mylg"
2981,"github.com/ebitengine/purego"
2973,"github.com/xiaonanln/goworld"
2966,"github.com/didip/tollbooth/v8"
2957,"github.com/mmcdole/gofeed"
2953,"github.com/guptarohit/asciigraph"
2938,"github.com/minio/minio-go/v7"
2936,"github.com/offen/docker-volume-backup"
2920,"github.com/go-gorp/gorp/v3"
2919,"github.com/luraproject/lura/v2"
2908,"github.com/jessevdk/go-flags"
2888,"github.com/maxence-charriere/go-app/v11"
2852,"github.com/gavv/httpexpect/v2"
2847,"github.com/topfreegames/pitaya/v3"
2832,"github.com/k3d-io/k3d/v5"
2826,"github.com/bluele/gcache"
2815,"github.com/go-ego/gse"
2807,"github.com/liftbridge-io/liftbridge"
2804,"github.com/apecloud/kubeblocks"
2803,"github.com/alecthomas/kong"
2797,"github.com/spf13/pflag"
2787,"gopkg.in/src-d/hercules.v10"
2765,"github.com/caddyserver/certmagic"
2764,"github.com/pressly/sup"
2759,"github.com/RoaringBitmap/roaring/v2"
2753,"github.com/create-go-app/cli/v4"
2744,"github.com/mikestefanello/pagoda"
2734,"github.com/yanyiwu/gojieba"
2711,"github.com/avast/retry-go/v5"
2701,"github.com/google/cel-go"
2682,"github.com/doug-martin/goqu/v9"
2675,"github.com/tidwall/sjson"
2661,"github.com/Humpheh/goboy"
2635,"github.com/galeone/tfgo"
2623,"github.com/stripe/stripe-go/v86"
2621,"github.com/kisielk/errcheck"
2601,"go.uber.org/mock"
2597,"github.com/veandco/go-sdl2"
2597,"github.com/ClickHouse/clickhouse-go/v2"
2572,"go.starlark.net"
2571,"github.com/lonng/nano"
2565,"github.com/lesismal/nbio"
2564,"github.com/briandowns/spinner"
2558,"github.com/johnfercher/maroto/v2"
2557,"github.com/hashicorp/go-multierror"
2541,"github.com/raviqqe/muffet/v2"
2540,"github.com/SpectoLabs/hoverfly"
2537,"github.com/alexedwards/scs/v2"
2537,"github.com/vbauerster/mpb/v8"
2535,"dario.cat/mergo"
2532,"github.com/corazawaf/coraza/v3"
2528,"github.com/gotk3/gotk3"
2493,"github.com/valyala/fastjson"
2492,"github.com/xxjwxc/gormt"
2477,"github.com/unrolled/secure"
2475,"github.com/ofabry/go-callvis"
2473,"github.com/lindb/lindb"
2458,"github.com/documize/community"
2430,"github.com/levigross/grequests/v2"
2412,"github.com/giorgisio/goav"
2410,"github.com/stianeikeland/go-rpio/v4"
2410,"github.com/go-nunu/nunu"
2409,"github.com/mojocn/base64Captcha"
2406,"github.com/nsqio/go-nsq"
2397,"github.com/thoas/picfit"
2372,"github.com/muesli/cache2go"
2368,"github.com/ajstarks/svgo"
2365,"github.com/eapache/go-resiliency"
2351,"github.com/samber/do/v2"
2351,"github.com/awnumar/memguard"
2348,"github.com/ulule/limiter/v3"
2343,"github.com/emersion/go-imap/v2"
2340,"github.com/gosuri/uiprogress"
2335,"github.com/yassinebenaid/bunster"
2334,"github.com/ajvb/kala"
2334,"github.com/thedevsaddam/gojsonq/v2"
2323,"github.com/gocolly/colly/v2"
2320,"github.com/VictoriaMetrics/fastcache"
2313,"github.com/slack-go/slack"
2308,"github.com/smallnest/go-web-framework-benchmark"
2292,"github.com/alexflint/go-arg"
2292,"github.com/h2non/filetype"
2290,"github.com/cockroachdb/errors"
2274,"github.com/neilotoole/sq"
2271,"d7y.io/dragonfly/v2"
2267,"github.com/asdine/storm/v3"
2249,"github.com/forceu/gokapi"
2240,"github.com/megaease/easeprobe"
2199,"github.com/libgit2/git2go/v34"
2196,"github.com/CovenantSQL/CovenantSQL"
2194,"github.com/oxequa/realize"
2184,"github.com/google/go-querystring"
2183,"github.com/unrolled/render"
2180,"github.com/dnote/dnote"
2177,"github.com/araddon/dateparse"
2166,"github.com/matryer/moq"
2165,"github.com/pkg/profile"
2162,"github.com/hashicorp/go-retryablehttp"
2161,"github.com/go-sonic/sonic"
2159,"github.com/maypok86/otter/v2"
2140,"github.com/lestrrat-go/jwx/v4"
2136,"github.com/reugn/go-streams"
2125,"github.com/xo/usql"
2102,"github.com/spiffe/spire"
2097,"github.com/jarcoal/httpmock"
2082,"github.com/jfeliu007/goplantuml"
2080,"github.com/dghubble/gologin/v2"
2078,"github.com/nutsdb/nutsdb"
2073,"github.com/rosedblabs/rosedb/v2"
2073,"github.com/cpmech/gosl"
2054,"github.com/k0kubun/pp/v3"
2053,"github.com/mkchoi212/fac"
2032,"github.com/pelletier/go-toml/v2"
2031,"github.com/bradfitz/gomemcache"
2025,"github.com/denisenkom/go-mssqldb"
2014,"github.com/wabarc/wayback"
2007,"github.com/anthdm/hollywood"
2002,"github.com/tarent/loginsrv"
1997,"github.com/sagikazarmark/modern-go-application"
1992,"gopkg.in/gographics/imagick.v2"
1977,"github.com/muesli/smartcrop"
1976,"github.com/gsamokovarov/jump"
1974,"github.com/ilyakaznacheev/cleanenv"
1971,"github.com/muesli/termenv"
1960,"github.com/go-critic/go-critic"
1957,"github.com/openflagr/flagr"
1944,"github.com/disintegration/gift"
1937,"github.com/EngoEngine/engo"
1929,"github.com/matryer/is"
1925,"github.com/reugn/go-quartz"
1915,"go.flipt.io/flipt"
1911,"github.com/alitto/pond/v2"
1910,"github.com/Allenxuxu/gev"
1909,"github.com/nlpodyssey/spago"
1902,"github.com/tj/mmake"
1896,"github.com/Rhymond/go-money"
1896,"github.com/golang/geo"
1894,"github.com/failsafe-go/failsafe-go"
1892,"github.com/julienschmidt/go-http-routing-benchmark"
1878,"github.com/TwiN/gatus/v5"
1874,"github.com/gabriel-vasile/mimetype"
1870,"github.com/justinas/nosurf"
1862,"github.com/rabbitmq/amqp091-go"
1854,"github.com/gosuri/uilive"
1844,"github.com/dghubble/sling"
1831,"github.com/hashicorp/go-getter"
1821,"px.dev/pixie"
1818,"github.com/gabrie30/ghorg"
1811,"github.com/go-gl/glfw"
1803,"github.com/mozillazg/go-pinyin"
1792,"github.com/mikespook/gorbac/v3"
1787,"github.com/oakmound/oak/v4"
1785,"github.com/gofrs/uuid/v5"
1781,"wa-lang.org/wa"
1778,"github.com/jaypipes/ghw"
1760,"github.com/TimothyYe/godns"
1758,"github.com/cdipaolo/goml"
1738,"github.com/thomaspoignant/go-feature-flag"
1728,"github.com/rotisserie/eris"
1726,"github.com/sanbornm/go-selfupdate"
1709,"github.com/tdewolff/canvas"
1702,"github.com/pkg/sftp"
1701,"github.com/cucumber/godog"
1700,"github.com/didi/gendry"
1699,"github.com/mattn/anko"
1695,"github.com/root-gg/plik"
1692,"github.com/davrodpin/mole"
1691,"github.com/alecthomas/go_serialization_benchmarks"
1686,"github.com/chromedp/chromedp"
1678,"github.com/huandu/facebook/v2"
1676,"github.com/bsm/redislock"
1676,"github.com/go-eagle/eagle"
1674,"github.com/huandu/go-sqlbuilder"
1664,"github.com/bits-and-blooms/bloom/v3"
1661,"github.com/uniqush/uniqush-push"
1647,"github.com/Zxilly/go-size-analyzer"
1645,"google.golang.org/api"
1643,"github.com/go-gl/gl"
1636,"github.com/gookit/color"
1635,"github.com/andygrunwald/go-jira/v2"
1615,"github.com/asynkron/protoactor-go"
1615,"github.com/lxzan/gws"
1609,"github.com/isacikgoz/gitbatch"
1597,"github.com/destel/rill"
1596,"github.com/clivern/beaver"
1584,"github.com/bilibili/discovery"
1576,"github.com/peterbourgon/diskv/v3"
1563,"github.com/unionj-cloud/go-doudou/v2"
1554,"github.com/logrusorgru/aurora/v4"
1554,"github.com/gobuffalo/pop/v6"
1553,"github.com/c9s/bbgo"
1549,"github.com/steebchen/prisma-client-go"
1533,"github.com/SpatiumPortae/portal"
1528,"github.com/huandu/xstrings"
1523,"github.com/apex/log"
1516,"github.com/olebedev/when"
1511,"github.com/kelindar/column"
1511,"github.com/davidbyttow/govips/v2"
1497,"github.com/georgysavva/scany/v2"
1490,"github.com/CloudyKit/jet/v6"
1488,"github.com/go-dev-frame/sponge"
1483,"github.com/go-fuego/fuego"
1470,"github.com/orlangure/gnomock"
1466,"github.com/cossacklabs/acra"
1463,"github.com/msoap/shell2http"
1462,"github.com/joshmedeski/sesh/v2"
1452,"github.com/nanovms/ops"
1445,"github.com/jlaffaye/ftp"
1441,"github.com/go-telegram/bot"
1432,"github.com/gammazero/workerpool"
1426,"github.com/beelzebub-labs/beelzebub/v3"
1426,"github.com/qiniu/qmgo"
1424,"github.com/AfterShip/email-verifier"
1422,"oras.land/oras"
1422,"github.com/savsgio/atreugo/v11"
1418,"github.com/akrylysov/pogreb"
1395,"github.com/gagliardetto/solana-go"
1390,"github.com/yusufcanb/tlm"
1383,"github.com/edgenesis/shifu"
1382,"github.com/pion/webrtc/v4"
1378,"github.com/zitadel/oidc/v3"
1378,"github.com/skeema/skeema"
1373,"github.com/chanify/chanify"
1364,"github.com/pebbe/zmq4"
1362,"github.com/containrrr/shoutrrr"
1360,"github.com/rocketlaunchr/dataframe-go"
1357,"github.com/xo/dbtpl"
1350,"github.com/hashicorp/mdns"
1349,"github.com/ebitengine/oto/v3"
1348,"github.com/llir/llvm"
1346,"github.com/jolestar/go-commons-pool/v2"
1344,"github.com/ovh/utask"
1338,"github.com/lf-edge/ekuiper/v2"
1336,"gopkg.in/dnaeon/go-vcr.v4"
1335,"github.com/stephenafamo/bob"
1332,"github.com/awalterschulze/goderive"
1321,"github.com/bogdanfinn/tls-client"
1320,"github.com/itchyny/bed"
1300,"github.com/aptly-dev/aptly"
1292,"mvdan.cc/xurls/v2"
1291,"github.com/gosimple/slug"
1288,"github.com/carlmjohnson/requests"
1281,"gopkg.in/reform.v1"
1280,"github.com/joomcode/errorx"
1270,"github.com/pemistahl/lingua-go"
1270,"github.com/joerdav/xc"
1250,"github.com/objectbox/objectbox-go"
1248,"github.com/rubyist/circuitbreaker"
1244,"github.com/rulego/rulego"
1242,"github.com/gorilla/csrf"
1240,"github.com/cybertec-postgresql/pg_timetable"
1238,"github.com/cch123/elasticsql"
1232,"github.com/hexdigest/gowrap"
1232,"github.com/seiflotfy/cuckoofilter"
1231,"github.com/inconshreveable/log15"
1229,"github.com/go-testfixtures/testfixtures/v3"
1220,"github.com/hprose/hprose-golang/v3"
1215,"github.com/graph-gophers/graphql-go"
1205,"github.com/roblillack/spot"
1203,"github.com/guumaster/hostctl"
1202,"github.com/SebastiaanKlippert/go-wkhtmltopdf"
1201,"github.com/go-ole/go-ole"
1191,"github.com/liyue201/gostl"
1190,"github.com/go-gormigrate/gormigrate/v2"
1184,"github.com/abhimanyu003/sttr"
1184,"kusionstack.io/kusion"
1177,"github.com/pointlander/peg"
1175,"github.com/bamzi/jobrunner"
1169,"github.com/peterh/liner"
1167,"go.uber.org/multierr"
1167,"gopkg.in/rethinkdb/rethinkdb-go.v6"
1164,"github.com/godbus/dbus/v5"
1163,"github.com/krotik/eliasdb"
1158,"github.com/mfridman/tparse"
1158,"github.com/ztrue/tracerr"
1157,"github.com/ziutek/emgo"
1157,"github.com/gookit/validate/v2"
1154,"github.com/cenkalti/rain/v2"
1154,"github.com/arunsupe/semantic-grep"
1151,"github.com/lotusdblabs/lotusdb/v2"
1140,"github.com/wneessen/go-mail"
1118,"github.com/sourcegraph/zoekt"
1112,"github.com/jf-tech/omniparser"
1109,"github.com/DrmagicE/gmqtt"
1107,"github.com/linkedin/goavro/v2"
1104,"github.com/maxbrunsfeld/counterfeiter/v6"
1101,"github.com/qmuntal/stateless"
1090,"github.com/segmentio/golines"
1085,"github.com/couchbase/moss"
1067,"github.com/bleenco/abstruse"
1065,"github.com/lesismal/arpc"
1063,"github.com/goforj/godump"
1062,"github.com/gnolang/gno"
1059,"github.com/ahmetb/go-linq/v4"
1059,"github.com/TimothyYe/skm"
1056,"github.com/shurcooL/Go-Package-Store"
1056,"github.com/shurcooL/vfsgen"
1056,"gollum"
1052,"github.com/paulmach/orb"
1050,"github.com/fergusstrange/embedded-postgres"
1047,"github.com/getsentry/sentry-go"
1045,"github.com/axiomhq/hyperloglog"
1043,"github.com/intel-go/nff-go"
1043,"github.com/gojek/heimdall/v7"
1041,"trpc.group/trpc-go/trpc-go"
1040,"github.com/jszwec/csvutil"
1036,"github.com/lmittmann/tint"
1034,"github.com/go-playground/webhooks/v6"
1033,"github.com/brandonyoungdev/tldx"
1029,"github.com/scaleway/scaleway-cli/v2"
1028,"github.com/z7zmey/php-parser"
1023,"github.com/posener/complete"
1022,"github.com/3d0c/gmf"
1018,"github.com/yahoo/vssh"
1015,"github.com/alebeck/boring"
1010,"github.com/franela/goblin"
1009,"github.com/gomlx/gomlx"
1009,"github.com/redis/rueidis"
1001,"github.com/sipin/gorazor"
1000,"github.com/semihalev/sdns"
989,"github.com/abahmed/kwatch"
988,"github.com/roblaszczak/go-cleanarch"
987,"github.com/jawher/mow.cli"
985,"github.com/rjeczalik/notify"
981,"github.com/yl2chen/cidranger"
980,"github.com/ikawaha/kagome/v2"
978,"github.com/diamondburned/arikawa/v3"
974,"goyave.dev/goyave/v5"
974,"github.com/mingrammer/commonregex"
973,"github.com/o1egl/paseto/v2"
972,"github.com/leekchan/accounting"
953,"github.com/xtaci/gaio"
950,"github.com/integrii/flaggy"
950,"github.com/fxamacker/cbor/v2"
941,"github.com/progrium/darwinkit"
937,"github.com/valyala/fasttemplate"
934,"github.com/shady831213/algorithms"
928,"github.com/madelynnblue/go-dsp"
919,"github.com/ohler55/ojg"
915,"github.com/Oudwins/zog"
914,"github.com/containers/podman-tui"
912,"github.com/janpfeifer/gonb"
910,"github.com/sdcoffey/techan"
909,"github.com/dromara/dongle"
902,"github.com/jbrukh/bayesian"
902,"github.com/immortal/immortal"
901,"github.com/go-playground/form/v4"
900,"github.com/pingcap/failpoint"
898,"github.com/kyoh86/richgo"
888,"github.com/go-zoo/bone"
886,"github.com/DarthPestilane/easytcp"
884,"github.com/mattn/go-isatty"
883,"github.com/abice/go-enum"
883,"cogentcore.org/core"
882,"github.com/vdobler/chart"
881,"github.com/mattn/goveralls"
874,"github.com/matryer/gopherize.me"
873,"go.etcd.io/raft/v3"
872,"github.com/qiniu/goc"
871,"github.com/mattn/go-colorable"
868,"github.com/adrg/xdg"
868,"github.com/k8gb-io/k8gb"
866,"github.com/wencaiwulue/kubevpn/v2"
863,"github.com/gordonklaus/portaudio"
861,"github.com/ncruces/zenity"
853,"github.com/mymmrac/telego"
852,"github.com/alexliesenfeld/health"
848,"github.com/daveshanley/vacuum"
847,"github.com/uniplaces/carbon"
842,"github.com/EdgeCast/vflow"
839,"github.com/rogerwelin/cassowary"
832,"github.com/kamva/mgm/v3"
829,"github.com/bits-and-blooms/bitset"
829,"github.com/derekparker/trie/v3"
827,"github.com/pascaldekloe/colfer"
826,"go.nanomsg.org/mangos/v3"
824,"github.com/teris-io/shortid"
823,"github.com/viccon/sturdyc"
821,"github.com/yuroyoro/goast-viewer"
821,"github.com/mkideal/cli"
820,"github.com/corona10/goimagehash"
819,"github.com/Jeffail/leaps"
817,"github.com/philippgille/gokv"
812,"github.com/mafredri/cdp"
811,"github.com/miku/zek"
811,"github.com/mailgun/mailgun-go/v5"
809,"github.com/owenthereal/upterm"
809,"github.com/PaesslerAG/gval"
805,"github.com/antonito/gfile"
801,"github.com/cep21/circuit/v4"
799,"github.com/ekkinox/yai"
797,"github.com/antchfx/htmlquery"
796,"github.com/ncruces/go-sqlite3"
795,"github.com/miniscruff/changie"
792,"github.com/ostafen/clover/v2"
788,"github.com/jellydator/ttlcache/v3"
788,"github.com/phuslu/log"
784,"github.com/otiai10/ocrserver"
783,"github.com/Lifailon/lazyjournal"
781,"github.com/updatecli/updatecli"
780,"github.com/aarzilli/golua"
774,"github.com/cometbft/cometbft"
774,"github.com/otiai10/copy"
767,"github.com/yeqown/go-qrcode/v2"
765,"github.com/ccding/go-stun"
764,"github.com/antchfx/xpath"
753,"github.com/contentsquare/chproxy"
753,"github.com/consbio/mbtileserver"
748,"github.com/buraksezer/consistent"
743,"github.com/gojuno/minimock/v3"
739,"github.com/jmattheis/goverter"
738,"github.com/jcuga/golongpoll"
738,"kool-dev/kool"
737,"github.com/DATA-DOG/go-txdb"
734,"github.com/cristalhq/jwt/v5"
729,"golang.design/x/clipboard"
728,"github.com/go-gota/gota"
728,"github.com/go-ozzo/ozzo-dbx"
724,"github.com/enetx/surf"
723,"github.com/cinar/indicator/v2"
723,"github.com/philippgille/chromem-go"
722,"github.com/samber/oops"
716,"github.com/jonboulle/clockwork"
714,"github.com/abadojack/whatlanggo"
713,"github.com/psampaz/go-mod-outdated"
713,"github.com/mattn/go-oci8"
711,"github.com/slotix/dataflowkit"
709,"github.com/cristianoliveira/ergo"
704,"github.com/gammazero/deque"
699,"github.com/safedep/vet"
697,"github.com/xhit/go-simple-mail/v2"
696,"github.com/pipe-cd/pipecd"
693,"github.com/owulveryck/onnx-go"
692,"github.com/sethgrid/pester"
690,"github.com/ichiban/prolog"
689,"go.temporal.io/sdk"
689,"github.com/goccmack/gocc"
689,"github.com/mattn/go-runewidth"
688,"github.com/incu6us/goimports-reviser/v3"
688,"github.com/akamensky/argparse"
686,"github.com/meloalright/guora"
684,"github.com/pb33f/libopenapi"
683,"github.com/mccutchen/go-httpbin/v2"
682,"github.com/dimfeld/httptreemux/v5"
682,"github.com/alajmo/sake"
679,"github.com/clbanning/mxj/v2"
678,"github.com/asticode/go-astisub"
671,"github.com/formancehq/ledger"
668,"github.com/lalamove/konfig"
667,"github.com/spatial-go/geoos"
664,"github.com/moshebe/gebug"
655,"github.com/unrud/remote-touchpad"
652,"github.com/schollz/peerdiscovery"
649,"github.com/kevinburke/nacl"
647,"github.com/qustavo/dotsql"
647,"github.com/o1egl/govatar"
643,"github.com/goml/gobrain"
643,"github.com/mochi-mqtt/server/v2"
641,"github.com/cristalhq/aconfig"
638,"github.com/go-gl/mathgl"
637,"github.com/benbjohnson/ego"
632,"github.com/bojanz/currency"
632,"github.com/emicklei/proto"
627,"github.com/go-rel/rel"
624,"github.com/labstack/gommon"
619,"github.com/anatol/booster"
618,"github.com/awalterschulze/gographviz"
617,"github.com/blockloop/scan/v2"
616,"github.com/shaj13/go-guardian/v2"
616,"github.com/chapar-rest/chapar"
615,"github.com/sqs/goreturns"
614,"github.com/asticode/go-astits"
614,"github.com/gookit/config/v2"
613,"github.com/playwright-community/playwright-go"
608,"github.com/golobby/container/v3"
601,"allaboutapps.dev/aw/go-starter"
600,"github.com/openshift/osin"
599,"github.com/alajmo/mani"
598,"github.com/godror/godror"
597,"flamingo.me/flamingo-commerce/v3"
593,"github.com/wI2L/jsondiff"
590,"github.com/gosnmp/gosnmp"
586,"github.com/alexeyco/simpletable"
584,"github.com/alibaba/loongsuite-go-agent"
582,"github.com/patrikeh/go-deep"
580,"github.com/mennanov/limiters"
579,"github.com/indeedeng/iwf"
578,"github.com/zcalusic/sysinfo"
577,"github.com/xxjwxc/gowp"
574,"github.com/AppsFlyer/go-sundheit"
573,"github.com/rookie-ninja/rk-boot/v2"
572,"flamingo.me/flamingo/v3"
570,"github.com/carapace-sh/carapace-bin"
569,"github.com/goyek/goyek/v3"
565,"goshs.de/goshs/v2"
564,"github.com/VividCortex/godaemon"
564,"github.com/codingsince1985/geo-golang"
564,"github.com/hbollon/go-edlib"
562,"github.com/edwingeng/wuid"
561,"github.com/wesovilabs/koazee"
560,"github.com/golang-templates/seed"
551,"github.com/asticode/go-astiav"
551,"github.com/noneback/go-taskflow"
545,"github.com/ddosify/alaz"
541,"github.com/hdt3213/rdb"
541,"github.com/ungerik/go-dry"
538,"gotest.tools/v3"
538,"orderbook"
538,"github.com/novalagung/gubrak/v2"
535,"github.com/energye/energy/v3"
535,"github.com/hako/durafmt"
534,"github.com/Sioro-Neoku/go-peerflix"
534,"github.com/no-src/gofs"
527,"github.com/mgtv-tech/jetcache-go"
527,"github.com/BooleanCat/go-functional/v2"
526,"github.com/pashagolub/pgxmock/v5"
525,"github.com/evertras/bubble-table"
523,"github.com/gookit/slog"
521,"github.com/foolin/goview"
521,"github.com/dennwc/dom"
520,"github.com/ulikunitz/xz"
518,"github.com/heetch/confita"
518,"github.com/go-ozzo/ozzo-routing/v2"
516,"github.com/get-woke/woke"
514,"github.com/aldor007/mort"
513,"github.com/moov-io/ach"
511,"github.com/lightningnetwork/lnd"
511,"github.com/nikepan/clickhouse-bulk"
509,"github.com/samber/slog-multi"
507,"github.com/aerospike/aerospike-client-go/v8"
504,"github.com/dimiro1/banner"
501,"github.com/leonelquinteros/gotext"
501,"github.com/Noooste/azuretls-client"
500,"github.com/chyroc/lark"
500,"github.com/lingrino/go-fault"
499,"github.com/dtylman/gowd"
498,"github.com/antchfx/xmlquery"
497,"github.com/ulule/deepcopier"
495,"github.com/cvilsmeier/sqinn-go/v2"
493,"github.com/casbin/casbin/v3"
489,"github.com/neurosnap/sentences"
484,"github.com/fastschema/fastschema"
483,"github.com/dimiro1/health"
483,"github.com/appleboy/gofight/v2"
479,"github.com/doganarif/govisual"
478,"github.com/masterzen/winrm"
477,"github.com/jmhodges/levigo"
476,"github.com/templui/templui"
476,"github.com/ChainSafe/gossamer"
475,"cloud.google.com/go"
475,"github.com/adhocore/gronx"
474,"github.com/bsm/redeo/v2"
473,"github.com/Boeing/config-file-validator/v2"
470,"github.com/knights-analytics/hugot"
469,"github.com/biter777/countries"
468,"github.com/amit-davidson/Chronos"
468,"github.com/paololazzari/play"
468,"github.com/AllenDang/cimgui-go"
467,"github.com/VividCortex/ewma"
463,"github.com/nao1215/gup"
463,"github.com/rjeczalik/interfaces"
460,"github.com/liweiyi88/onedump"
459,"github.com/agnivade/levenshtein"
458,"github.com/rocketlaunchr/dbq"
458,"github.com/preslavmihaylov/todocheck"
457,"github.com/volodymyrprokopyuk/go-blockchain"
457,"github.com/maxatome/go-testdeep"
454,"github.com/bengadbois/pewpew"
453,"github.com/nikolaydubina/calendarheatmap"
452,"github.com/theckman/yacspin"
450,"github.com/MaxHalford/eaopt"
450,"github.com/xuri/aurora"
450,"github.com/plar/go-adaptive-radix-tree/v2"
447,"github.com/enriquebris/goconcurrentqueue"
446,"github.com/pariz/gountries"
445,"github.com/ironsmile/euterpe"
443,"github.com/go-music-theory/music-theory"
442,"github.com/fieldryand/goflow/v2"
440,"quamina.net/go/quamina/v2"
439,"github.com/emersion/go-message"
438,"github.com/gopxl/beep/v2"
437,"github.com/NicoNex/echotron/v3"
434,"github.com/shenwei356/taxonkit"
432,"github.com/hashicorp/go-cleanhttp"
429,"github.com/jenkins-zh/jenkins-cli"
428,"github.com/go-jose/go-jose/v4"
426,"github.com/henvic/httpretty"
426,"github.com/francoispqt/onelog"
425,"github.com/paulmach/osm"
422,"github.com/gempir/go-twitch-irc/v4"
421,"github.com/cstockton/go-conv"
420,"github.com/DylanMeeus/GoAudio"
420,"github.com/xhd2015/xgo"
420,"github.com/mdempsky/unconvert"
418,"github.com/Konstantin8105/c4go"
417,"github.com/mdlayher/arp"
413,"github.com/hyperboloide/lk"
412,"github.com/hashicorp/logutils"
411,"github.com/monaco-io/request"
411,"github.com/golobby/config/v3"
410,"github.com/edwingeng/hotswap"
410,"github.com/recoilme/pudge"
408,"github.com/VividCortex/siesta"
406,"github.com/kevincobain2000/gobrew"
406,"github.com/kkyr/fig"
402,"github.com/pascaldekloe/jwt"
399,"github.com/hillu/go-yara/v4"
398,"github.com/dromara/carbon/v2"
397,"github.com/echovault/sugardb"
395,"github.com/thestrukture/IDE"
394,"github.com/gotranspile/cxgo"
393,"github.com/MarvinJWendt/testza"
392,"github.com/pesos/grofer"
389,"github.com/switchupcb/copygen"
389,"github.com/ybbus/jsonrpc/v3"
388,"github.com/simukti/sqldb-logger"
386,"github.com/uber/h3-go/v4"
381,"github.com/oxyno-zeta/s3-proxy"
381,"github.com/goioc/di"
380,"github.com/couchbase/gocb/v2"
379,"github.com/TeaEntityLab/fpGo/v2"
378,"github.com/pjebs/optimus-go"
375,"github.com/c2fo/vfs/v7"
375,"github.com/xuri/xgen"
375,"github.com/uadmin/uadmin"
372,"github.com/xitonix/trubka"
371,"github.com/trickstercache/trickster/v2"
371,"github.com/JeremyLoy/config"
370,"github.com/mustafaturan/bus/v3"
370,"github.com/kamilsk/retry/v5"
368,"github.com/gen2brain/malgo"
368,"github.com/seborama/fuego/v12"
368,"github.com/ungerik/go3d"
367,"github.com/a8m/rql"
367,"github.com/mibk/dupl"
364,"github.com/viant/afs"
363,"gopkg.in/ffmt.v1"
363,"github.com/ggicci/httpin"
363,"github.com/mewkiz/flac"
362,"github.com/prashantgupta24/firewalld-rest"
362,"github.com/ivanilves/lstags"
362,"github.com/bluenviron/gortsplib/v5"
362,"github.com/perimeterx/marshmallow"
361,"github.com/jaredfolkins/badactor"
361,"github.com/gopxl/pixel/v2"
359,"go.uber.org/cadence"
359,"github.com/nitishm/go-rejson/v4"
358,"github.com/syntaqx/serve"
358,"github.com/wellington/wellington"
357,"github.com/anacrolix/dht/v2"
357,"github.com/Fs02/go-todo-backend"
354,"github.com/ferama/rospo"
354,"github.com/Code-Hex/Neo-cowsay/v2"
353,"github.com/emicklei/mora"
352,"github.com/appleboy/easyssh-proxy"
352,"github.com/Kwynto/gosession"
352,"github.com/kelindar/bitmap"
349,"github.com/augmentable-dev/tickgit"
348,"github.com/tomarrell/wrapcheck/v2"
345,"github.com/auyer/steganography"
344,"github.com/leebenson/conform"
343,"github.com/mosajjal/dnsmonster"
342,"github.com/vingarcia/ksql"
341,"github.com/repeale/fp-go"
338,"emperror.dev/emperror"
337,"github.com/osteele/liquid"
337,"github.com/subosito/gotenv"
335,"github.com/hjson/hjson-go/v4"
332,"github.com/nil-go/konf"
332,"github.com/bradleyjkemp/cupaloy/v2"
332,"github.com/xxjwxc/ginrpc"
327,"github.com/go-playground/log/v8"
327,"github.com/bilibili/discovery"
326,"github.com/plutov/paypal/v4"
324,"github.com/gen2brain/go-unarr"
324,"github.com/HugoSmits86/nativewebp"
324,"github.com/Yiling-J/theine-go"
322,"github.com/ddddddO/gtree"
321,"github.com/elgris/sqrl"
320,"github.com/marwanhawari/stew"
320,"github.com/shomali11/util"
320,"github.com/iyashjayesh/monigo"
317,"github.com/go-kivik/kivik/v4"
316,"github.com/Eyevinn/mp4ff"
316,"github.com/balerter/balerter"
312,"github.com/mdlayher/ethernet"
312,"github.com/bogem/id3v2"
309,"github.com/madflojo/tasks"
308,"github.com/xwjdsh/manssh"
308,"github.com/taskctl/taskctl"
308,"github.com/viant/endly"
304,"github.com/onrik/ethrpc"
304,"github.com/linvon/cuckoo-filter"
304,"github.com/s0rg/crawley"
302,"github.com/adrianbrad/queue"
302,"github.com/richardwilkes/unison"
302,"github.com/barasher/go-exiftool"
301,"github.com/surrealdb/surrealdb.go"
301,"github.com/vardius/message-bus"
300,"github.com/number571/go-peer"
299,"github.com/jandelgado/rabtap"
298,"github.com/google/gnxi"
297,"github.com/abraithwaite/jeff"
296,"github.com/otiai10/openaigo"
294,"github.com/distatus/battery"
292,"github.com/workanator/go-floc/v3"
291,"github.com/etherlabsio/healthcheck/v2"
291,"github.com/kolesa-team/go-webp"
290,"astuart.co/goq"
290,"github.com/qntfy/kazaam/v4"
290,"github.com/oklahomer/go-sarah/v4"
289,"github.com/teler-sh/teler-waf"
287,"github.com/spyzhov/ajson"
286,"github.com/faabiosr/cachego"
285,"github.com/mholt/archives"
284,"vitess.io/vitess"
284,"github.com/shurcooL/trayhost"
283,"github.com/thedevsaddam/renderer/v2"
282,"github.com/skibish/ddns"
282,"github.com/tochemey/goakt/v4"
281,"github.com/c-bata/goptuna"
280,"github.com/qmuntal/gltf"
278,"github.com/dikhan/terraform-provider-openapi/v3"
278,"github.com/shurcooL/gostatus"
278,"github.com/ysmood/got"
278,"github.com/msoap/go-carpet"
278,"github.com/timandy/routine"
278,"github.com/reugn/wifiqr"
274,"github.com/amimof/huego"
274,"github.com/kdomanski/iso9660"
273,"github.com/galeone/rts"
273,"github.com/Pixboost/transformimgs/v8"
272,"github.com/mehdihadeli/go-mediatr"
272,"github.com/markfarnan/go-canvas"
271,"github.com/nikolaydubina/go-instrument"
269,"github.com/fclairamb/ftpserverlib"
269,"github.com/nakagami/firebirdsql"
269,"github.com/adrianmo/go-nmea"
268,"github.com/reugn/async"
268,"github.com/vrischmann/envconfig"
267,"github.com/Southclaws/fault"
266,"github.com/icza/bitio"
263,"github.com/Eun/go-hit"
262,"github.com/gatewayd-io/gatewayd"
262,"github.com/mehrdadrad/tcpdog"
261,"github.com/wagslane/go-password-validator"
260,"github.com/vladopajic/go-actor"
258,"go-hep.org/x/hep"
258,"github.com/gotesttools/gotestfmt/v2"
258,"github.com/tucnak/climax"
257,"github.com/fawick/speedtest-resize"
257,"github.com/gopinath-langote/1build"
256,"github.com/daviddengcn/go-colortext"
254,"github.com/bluenviron/goroslib/v2"
252,"github.com/gowww/router"
251,"github.com/couchbase/go-couchbase"
251,"github.com/arthurkiller/rollingwriter"
251,"github.com/gojek/darkroom"
248,"github.com/adlio/trello"
247,"github.com/udhos/jazigo"
246,"github.com/ikeikeikeike/go-sitemap-generator/v2"
245,"github.com/dixonwille/wmenu/v5"
241,"github.com/arthurkushman/buildsqlx"
241,"github.com/tomcraven/goga"
239,"github.com/mhmtszr/concurrent-swiss-map"
239,"github.com/elastic/go-freelru"
238,"github.com/shurcooL/githubv4"
237,"github.com/webhookx-io/webhookx"
237,"github.com/yaa110/go-persian-calendar"
237,"github.com/go-lark/lark"
235,"github.com/DavidBelicza/TextRank/v2"
234,"github.com/qustavo/sqlhooks/v2"
232,"github.com/eaburns/Watch"
231,"github.com/bykof/gostradamus"
231,"go.vxn.dev/dish"
227,"""github.com/fern4lvarez/piladb"""
226,"github.com/hypebeast/go-osc"
226,"github.com/cswank/kcli"
225,"github.com/becheran/roumon"
225,"github.com/gobeam/stringy"
224,"github.com/gkampitakis/go-snaps"
223,"github.com/wellington/go-libsass"
222,"github.com/Breeze0806/go-etl"
221,"github.com/ozgio/strutil"
221,"emperror.dev/errors"
220,"github.com/leaanthony/clir"
220,"github.com/goxjs/gl"
220,"github.com/invopop/gobl"
220,"github.com/assafmo/joincap"
220,"github.com/yassinebenaid/godump"
220,"github.com/elithrar/simple-scrypt"
218,"github.com/naughtygopher/pocache"
218,"github.com/monoculum/formam/v3"
218,"github.com/dnnrly/abbreviate"
216,"github.com/seborama/govcr/v17"
215,"github.com/gomutex/godocx"
214,"github.com/elgs/gojq"
214,"github.com/kpango/glg"
212,"github.com/innogames/slack-bot/v2"
211,"github.com/disksing/iter/v2"
211,"github.com/dtgorski/typex"
211,"github.com/bokwoon95/go-structured-query"
211,"github.com/vrecan/death/v3"
210,"github.com/mk-5/fjira"
208,"github.com/szyhf/go-excel"
207,"github.com/amit-davidson/LibraDB"
206,"github.com/chenmingyong0423/go-mongox/v2"
206,"github.com/edwingeng/deque"
205,"github.com/carlmjohnson/flowmatic"
205,"github.com/anacrolix/utp"
204,"github.com/robfig/soy"
203,"github.com/samber/ro"
201,"github.com/osamingo/jsonrpc/v2"
201,"github.com/ozankasikci/dockerfile-generator"
201,"github.com/hidevopsio/hiboot"
201,"github.com/defval/di"
200,"github.com/agnivade/wasmbrowsertest"
199,"github.com/marusama/semaphore/v2"
199,"github.com/rushteam/gosql"
199,"github.com/wI2L/jettison"
199,"github.com/gowebapi/webapi"
198,"github.com/kelindar/tile"
198,"github.com/Andrew-M-C/go.jsonvalue"
198,"github.com/bytebase/bytebase"
196,"github.com/hedhyw/rex"
194,"github.com/alpeb/go-finance"
194,"flamingo.me/dingo"
194,"github.com/onatm/clockwerk"
192,"github.com/go-kod/kod"
192,"github.com/vladopajic/go-test-coverage/v2"
190,"github.com/leporo/sqlf"
189,"github.com/darkhz/bluetuith"
189,"github.com/lopezator/migrator"
188,"github.com/orneryd/nornicdb"
188,"github.com/vanng822/go-premailer"
186,"github.com/carapace-sh/carapace"
183,"github.com/samber/slog-formatter"
182,"github.com/govalues/decimal"
182,"github.com/luno/workflow"
181,"github.com/joetifa2003/mm-go"
180,"github.com/james-bowman/sparse"
179,"github.com/yaronsumel/grapes"
179,"github.com/whitaker-io/machine/v3"
179,"github.com/heedy/heedy"
179,"github.com/jaffee/commandeer"
178,"github.com/masterzen/winrm-cli"
178,"github.com/gabstv/go-bsdiff"
178,"github.com/maja42/goval"
178,"github.com/ydb-platform/ydb-go-sdk/v3"
177,"github.com/guiferpa/gody/v2"
177,"github.com/jeroenrinzema/psql-wire"
177,"github.com/azer/logger"
176,"github.com/go-sprout/sprout"
176,"github.com/wit-ai/wit-go/v2"
176,"github.com/rhnvrm/simples3"
176,"github.com/golobby/orm"
176,"github.com/gonutz/d3d9"
175,"github.com/appleboy/drone-scp"
175,"github.com/ctreminiom/go-atlassian/v2"
175,"github.com/antham/chyle"
175,"github.com/xfxdev/xtcp"
174,"github.com/Fs02/grimoire"
173,"github.com/hedhyw/json-log-viewer"
173,"github.com/andygrunwald/go-trending"
173,"github.com/neilotoole/errgroup"
172,"github.com/gentee/gentee"
172,"github.com/hackebrot/turtle"
171,"github.com/nullism/bqb"
170,"github.com/steambap/captcha"
170,"github.com/airbusgeo/godal"
170,"github.com/mariomac/gostream"
169,"github.com/mattn/go-adodb"
169,"github.com/eduardonunesp/sslb"
169,"github.com/VividCortex/robustly"
169,"github.com/Gituser143/cryptgo"
169,"github.com/viney-shih/go-cache"
167,"github.com/chaindead/zerocfg"
167,"github.com/andygeiss/ecs"
166,"github.com/rqlite/gorqlite"
166,"github.com/italolelis/outboxer"
165,"github.com/catchplay/scaffold"
164,"github.com/koltyakov/gosip"
164,"github.com/gookit/filter"
164,"github.com/nathan-osman/go-sunrise"
163,"github.com/marusama/cyclicbarrier"
163,"github.com/hedzr/cmdr/v2"
163,"github.com/ungerik/go-cairo"
163,"github.com/pokanop/nostromo"
162,"devt.de/krotik/dudeldu"
162,"github.com/urfave/sflags"
162,"github.com/go-sigma/sigma"
161,"github.com/gregdel/pushover"
161,"github.com/plandem/xlsx"
160,"github.com/aclindsa/ofxgo"
160,"github.com/rbrahul/gofp"
160,"github.com/peterstace/simplefeatures"
159,"github.com/leandro-lugaresi/hub"
159,"github.com/go-playground/pure/v5"
157,"github.com/liujianping/job"
157,"github.com/commander-cli/commander/v2"
156,"github.com/editorconfig/editorconfig-core-go/v2"
156,"github.com/cyruzin/golang-tmdb"
155,"github.com/Comcast/gaad"
154,"github.com/koss-null/funcfrog"
